"자치단체코드","상호","휴폐업구분","업태","허가일자"
"3000000","종로세운상가","휴업","그밖의 대규모점포","20050218"
"3160000","이천일 아울렛 구로점","영업중","그밖의 대규모점포","20051117"
"3160000","고척산업용품상가","영업중","복합쇼핑몰","19861101"
"3180000","이랜드리테일 당산점","휴업","그밖의 대규모점포","20010620"
"3210000","뉴코아아울렛","영업중","전문점","20120514"
"0000000","숭인제일아케이트","휴업","그밖의 대규모점포","19871207"
"3000000","동대문신발도매상가","영업중","그밖의 대규모점포","20040630"
"3000000","광장시장주식회사","휴업","그밖의 대규모점포","19871030"
"3000000","종로세운상가","영업중","대형마트","20050127"
"3110000","엔씨백화점 불광점","영업중","쇼핑센터","20070411"
"3000000","크레타 망고 아울렛","영업중","전문점","20080305"
"3100000","이천일아울렛 중계점","영업중","그밖의 대규모점포","20090921"
"3000000","","영업중","그밖의 대규모점포","20021116"
"3000000","광장주식회사","영업중","시장","20030304"
"3180000","영신상가","영업중","그밖의 대규모점포","20070322"
"3240000","이천일아울렛 천호점","영업중","그밖의 대규모점포","20060525"
"3220000","남서울종합시장","영업중","그밖의 대규모점포","19880513"
"3210000","뉴코아백화점","영업중","백화점","20120514"
"3150000","(주) 이랜드리테일 강서점","영업중","백화점","20110919"
"3000000","영풍문고","영업중","전문점","19920704"
"3130000","신교시장","영업중","그밖의 대규모점포","20051007"
"3220000","(주)신세계마트 이마트 역삼점","폐업","대형마트","20061018"
"3110000","현대화유통기업(주)","영업중","대형마트","19840806"
"3110000","대조시장","","그밖의 대규모점포","19630527"
"3110000","불광시장(주)","","그밖의 대규모점포","19700123"
"3110000","불광시장(법인 대표자 관리자변경)","휴업","그밖의 대규모점포","20050715"
"3110000","응암시장","영업중","그밖의 대규모점포","19700912"
"3110000","대림시장","휴업","그밖의 대규모점포","19790605"
"3110000","양지시장","영업중","그밖의 대규모점포","19721113"
"3110000","신세계이마트 은평점","휴업","대형마트","20011101"
"3110000","신세계이마트 은평점","휴업","대형마트","20011101"
"3110000","서부종합시장","영업중","그밖의 대규모점포","19710923"
"3110000","증산시장","휴업","그밖의 대규모점포","20030722"
"3110000","(주)미소종합유통","영업중","대형마트","19950920"
"3110000","진관시장","휴업","그밖의 대규모점포","19681014"
"3110000","대림시장","영업중","시장","20071221"
"3000000","영풍문고","영업중","대형마트","20040430"
"3000000","종로세운상가","휴업","그밖의 대규모점포","19710906"
"3220000","(주)금강개발산업","휴업","그밖의 대규모점포","19840307"
"3220000","(주)현대백화점 동호스토아","휴업","백화점","20030418"
"3240000","강동한신휴플러스","영업중","그밖의 대규모점포","20070605"
"3010000","제일평화시장","영업중","그밖의 대규모점포","19811027"
"3220000","일원마트","영업재개","그밖의 대규모점포","19940615"
"3030000","금북시장","영업중","그밖의 대규모점포","19690109"
"3210000","코스트코코리아","영업중","대형마트","20001209"
"3240000","신세계 이마트 명일점","","대형마트","20021120"
"3240000","신세계이마트천호점","휴업","그밖의 대규모점포","20050331"
"3060000","코스트코홀세일 상봉점","영업중","대형마트","20010418"
"3220000","점프밀라노","영업중","그밖의 대규모점포","20151211"
"3240000","이마트천호점","휴업","대형마트","20010327"
"3240000","천호신시장","휴업","그밖의 대규모점포","20050509"
"3180000","신동시장","영업중","그밖의 대규모점포","19730630"
"3240000","동서울시장","휴업","그밖의 대규모점포","20050602"
"3240000","동아코아","휴업","쇼핑센터","20050720"
"3240000","동아코아","휴업","쇼핑센터","20050720"
"3240000","이천일아울렛 천호점","휴업","그밖의 대규모점포","20060525"
"3180000","코레일유통주식회사","폐업","그밖의 대규모점포","19821020"
"3020000","한강상가","영업중","시장","19701130"
"3010000","숭례문상가","영업중","그밖의 대규모점포","19801220"
"3020000","국제센터아케이드","영업중","그밖의 대규모점포","19850701"
"3020000","(주)전자타운","영업중","그밖의 대규모점포","19930413"
"3010000","선싸인","영업중","그밖의 대규모점포","19950401"
"3020000","보광시장","영업중","시장","19750701"
"3100000","(주)지에스리테일  공릉점","영업중","구분없음","20040102"
"3010000","남산타운2상가","영업중","그밖의 대규모점포","20000707"
"3020000","신동아 쇼핑센터","영업중","쇼핑센터","19851112"
"3110000","수일시장","영업중","그밖의 대규모점포","19600216"
"3110000","불광미성상가","영업중","그밖의 대규모점포","19881123"
"3180000","홍익상가","영업중","그밖의 대규모점포","19871127"
"3180000","(주)사러가","영업중","그밖의 대규모점포","19650621"
"3180000","에쉐르아이시네마쇼핑몰","영업재개","쇼핑센터","20050929"
"3180000","도림시장","영업중","그밖의 대규모점포","19691231"
"3180000","영일시장","영업중","그밖의 대규모점포","19740515"
"3050000","노브랜드 동대문 장안점","영업중","대형마트","20111228"
"3040000","롯데쇼핑(주)롯데마트 강변점","영업중","대형마트","19980323"
"3180000","양남시장","영업중","그밖의 대규모점포","19680220"
"3180000","영등포기계상가","영업중","그밖의 대규모점포","19890202"
"3180000","코스트코홀세일","영업중","그밖의 대규모점포","19941007"
"3180000","대신시장","영업중","그밖의 대규모점포","19650528"
"3180000","대림시장","영업중","그밖의 대규모점포","19700527"
"3180000","(주)이마트 여의도점","영업중","대형마트","20110523"
"3180000","신세계 이마트 여의도점","영업중","대형마트","20080507"
"3160000","(주)이마트 구로점","영업중","대형마트","19990727"
"3050000","한솔동의보감","영업중","전문점","20040722"
"3180000","두암종합시장","영업중","그밖의 대규모점포","19840823"
"3160000","삼익쇼핑센터","휴업","쇼핑센터","19861210"
"3160000","삼익쇼핑센타","영업중","쇼핑센터","19861210"
"3140000","신정동세양청마루2차상가","영업중","그밖의 대규모점포","20081016"
"3140000","목2동시장상인회","영업중","시장","20070129"
"3140000","목4동시장상인회","영업중","시장","20050504"
"3140000","경창시장상인회","영업중","시장","20050504"
"3140000","목3동시장상인회","영업중","시장","20060906"
"3140000","신영시장상인회","영업중","시장","20060607"
"3180000","영등포지하상가","영업중","그밖의 대규모점포","19970916"
"3180000","영등포역앞지하상가","영업중","그밖의 대규모점포","19800409"
"3180000","영등포로타리지하상가","영업중","그밖의 대규모점포","19830909"
"3180000","삼구시장","영업중","그밖의 대규모점포","19871127"
"3180000","동남시장","영업중","그밖의 대규모점포","19710809"
"3180000","63씨티","휴업","그밖의 대규모점포","19850727"
"3180000","한화스토아여의점","영업중","그밖의 대규모점포","19750609"
"3180000","(주)LG","휴업","그밖의 대규모점포","19870423"
"3180000","영등포농축수산물쎈타","영업중","그밖의 대규모점포","19961203"
"3230000","잠실중앙상가","영업중","그밖의 대규모점포","19780328"
"3110000","홈플러스(주)익스프레스 불광점","영업중","그밖의 대규모점포","20111219"
"3220000","신원아침도시마인상가","영업중","그밖의 대규모점포","20140325"
"3230000","갤러리아 잠실점","폐업","그밖의 대규모점포","19880614"
"3110000","홈플러스(주)익스프레스 신사점","영업중","그밖의 대규모점포","20120206"
"3130000","홈플러스익스프레스 연남점","영업중","그밖의 대규모점포","20120417"
"3230000","주-한화유통","휴업","그밖의 대규모점포","19780307"
"3130000","홈플러스익스프레스도화점","영업중","그밖의 대규모점포","20111212"
"3230000","가락동포스코주상복합상가","폐업","그밖의 대규모점포","19961105"
"3230000","주-화신유통","폐업","","19880819"
"3230000","석우종합시장","폐업","그밖의 대규모점포","19800307"
"3150000","(주)이마트 공항점","영업중","대형마트","20030123"
"3130000","홈플러스익스프레스용강점","영업중","구분없음","20111206"
"3140000","신한이모르젠상가","휴업","그밖의 대규모점포","20060328"
"3180000","타임스퀘어","영업중","쇼핑센터","19940826"
"3150000","신세계이마트(공항점)","휴업","대형마트","20030123"
"3200000","봉일시장","영업중","그밖의 대규모점포","19711222"
"3180000","홈플러스(주) 익스프레스 양평점","영업중","대형마트","20111002"
"3220000","현대백화점 무역센터점","영업중","백화점","19881010"
"3200000","가야쇼핑","영업중","시장","19751226"
"3240000","롯데쇼핑(주)롯데슈퍼둔촌점","폐업","대형마트","20111007"
"3010000","라모도쇼핑몰","영업재개","그밖의 대규모점포","20060607"
"3150000","삼성테스코(주)홈플러스강서점","휴업","대형마트","20060210"
"3150000","그랜드패션아울렛","휴업","그밖의 대규모점포","19950501"
"3150000","그랜드백화점(주)마트화곡점","휴업","대형마트","20040503"
"3150000","(주)이랜드리테일홈에버가양점","휴업","쇼핑센터","20001006"
"3150000","방신종합시장 재건축조합","휴업","그밖의 대규모점포","20020801"
"3150000","(주)공항시장","휴업","그밖의 대규모점포","20040219"
"3240000","동아코아","휴업","쇼핑센터","20050720"
"3240000","동아코아","휴업","쇼핑센터","20050720"
"3240000","동아코아","휴업","쇼핑센터","20050720"
"3240000","동아코아","휴업","쇼핑센터","20050720"
"3240000","현대프라자","휴업","그밖의 대규모점포","19900528"
"3240000","킴스클럽","휴업","대형마트","20000614"
"3240000","천호신시장","휴업","그밖의 대규모점포","20050112"
"3010000","헬로우에이피엠","영업중","그밖의 대규모점포","20020722"
"3080000","트레지오","휴업","쇼핑센터","20070517"
"3080000","수유프라자","휴업","그밖의 대규모점포","19981012"
"0000000","수유프라자","휴업","그밖의 대규모점포","20031209"
"3080000","강북종합시장","휴업","그밖의 대규모점포","20030805"
"3240000","천호시장","휴업","그밖의 대규모점포","20050927"
"3070000","동소문스카이프라자","영업중","그밖의 대규모점포","19951116"
"3070000","삼선시장","폐업","시장","19740510"
"3070000","돈암시장","폐업","시장","19991207"
"3070000","보문시장","영업중","그밖의 대규모점포","19611204"
"3070000","정릉시장","폐업","시장","19700227"
"3070000","길음시장","영업중","그밖의 대규모점포","19880811"
"3070000","신세계이마트미아점","영업중","대형마트","20080529"
"3070000","신세계백화점 미아점","휴업","백화점","19880514"
"3070000","길음시장","휴업","그밖의 대규모점포","20030210"
"3070000","종암시장","폐업","시장","19611224"
"3070000","미아시장","영업중","그밖의 대규모점포","19990225"
"3070000","월곡시장","폐업","시장","19690219"
"3070000","장위시장","영업중","그밖의 대규모점포","19720704"
"3070000","번동시장","영업중","그밖의 대규모점포","19720930"
"0000000","코코마트","휴업","그밖의 대규모점포","19980522"
"3070000","코코마트","폐업","시장","20031224"
"3070000","장석시장","폐업","시장","19680814"
"3070000","코코마트","휴업","그밖의 대규모점포","19940429"
"3070000","석관시장","영업중","그밖의 대규모점포","19990121"
"3070000","새석관시장","영업중","그밖의 대규모점포","19710522"
"3070000","삼익아파트상가","영업중","그밖의 대규모점포","20080620"
"3090000","롯데슈퍼 쌍문점","영업중","구분없음","20120315"
"3210000","롯데쇼핑(주)롯데슈퍼 방배점","영업중","전문점","20120518"
"3230000","롯데쇼핑(주)롯데마트 송파점","영업중","대형마트","20000713"
"3210000","(주)뉴코아아울렛","영업중","그밖의 대규모점포","19880409"
"3210000","뉴코아시장","영업중","그밖의 대규모점포","19801104"
"3100000","롯데백화점 노원점","영업중","백화점","20050826"
"3180000","(주)신영사러가","영업중","그밖의 대규모점포","19671226"
"3050000","롯데백화점 청량리플라자","영업중","백화점","19790913"
"3130000","롯데슈퍼 대흥점","영업중","구분없음","20080812"
"3030000","마장축산물시장","영업중","시장","20060320"
"3130000","롯데슈퍼 신촌점","영업중","구분없음","20090618"
"3200000","라붐아울렛","영업중","복합쇼핑몰","20060825"
"3200000","(주)천성세이브마트","영업중","그밖의 대규모점포","19991207"
"3200000","관악현대상가","영업중","그밖의 대규모점포","19920826"
"3010000","현대시티타워","영업중","쇼핑센터","19960831"
"3060000","동원","영업중","시장","19711210"
"3220000","청담제일시장","휴업","그밖의 대규모점포","19780526"
"3220000","진솔물산","영업중","그밖의 대규모점포","19970630"
"3220000","(주)신세계마트 이마트 역삼점","휴업","대형마트","19990714"
"3220000","서울상록회관","폐업","대형마트","19911230"
"3220000","미씨-860","폐업","그밖의 대규모점포","19970524"
"3140000","(주)신세계이마트 목동점","폐업","대형마트","20100405"
"3140000","신세계 이마트 목동점","폐업","대형마트","20090323"
"3140000","(주)이랜드리테일","폐업","쇼핑센터","20061101"
"3200000","롯데쇼핑(주)롯데슈퍼 남현2점","영업중","구분없음","20120521"
"3220000","남서울종합상가","휴업","그밖의 대규모점포","20030128"
"3070000","이마트 하월곡점","영업중","대형마트","20100630"
"3220000","금강상가","휴업","그밖의 대규모점포","19790410"
"3210000","이수마트","휴업","그밖의 대규모점포","20040812"
"3210000","킴스클럽","영업중","대형마트","19950601"
"3010000","대림상가","영업중","그밖의 대규모점포","19720918"
"3150000","홈플러스(주) 가양점","영업중","대형마트","20081031"
"3240000","지에스 더프레시(GS THE FRESH) 고덕그라시움점","","구분없음","20190604"
"3150000","화곡중앙시장","영업중","시장","19871030"
"3210000","뉴코아백화점","휴업","그밖의 대규모점포","20001206"
"3150000","테크노스카이시티","영업중","그밖의 대규모점포","20030403"
"3210000","킴스클럽","휴업","그밖의 대규모점포","19950601"
"3180000","영등포유통관리(주)","영업중","그밖의 대규모점포","19990531"
"3180000","현대백화점 여의도점","","백화점","20200102"
"3230000","농협하나로마트방이역점","영업중","구분없음","20120405"
"3230000","홈플러스(주)익스프레스 삼전점","영업중","구분없음","20111102"
"3200000","포도몰","영업중","복합쇼핑몰","20090204"
"3190000","신대방우성상가","휴업","그밖의 대규모점포","19891201"
"3130000","마포시장","영업중","시장","19770715"
"3130000","염리시장","영업중","시장","19760116"
"3130000","마포농수산물시장","휴업","그밖의 대규모점포","20050224"
"3130000","스타피카소 아울렛","영업중","전문점","20080331"
"3130000","합정시장","영업중","시장","19700729"
"3130000","영진시장","영업중","시장","19720622"
"3130000","서교시장","영업중","시장","19720719"
"3130000","동진시장","영업중","시장","19740605"
"3130000","마포종합시장","영업중","그밖의 대규모점포","20070507"
"3130000","성산시장","영업중","시장","19740528"
"3130000","성산프라자","영업중","그밖의 대규모점포","20091112"
"3120000","신촌 밀리오레","영업중","그밖의 대규모점포","20060919"
"3120000","모래내시장(주)","영업중","시장","19871024"
"3120000","예스에이피엠","영업중","그밖의 대규모점포","20070809"
"3210000","방림종합시장","영업중","그밖의 대규모점포","19800524"
"3050000","답십리중앙시장","폐업","그밖의 대규모점포","19720901"
"3050000","동부시장","영업중","그밖의 대규모점포","19710311"
"3050000","대규모점포 개설등록","영업중","그밖의 대규모점포","20090320"
"3050000","답십리시장","폐업","그밖의 대규모점포","19611023"
"3050000","장안시장","폐업","그밖의 대규모점포","19710313"
"3050000","쉐르빌쇼핑타운","폐업","그밖의 대규모점포","20021022"
"3050000","전곡시장","영업중","그밖의 대규모점포","19750905"
"3050000","휘경시장","영업중","그밖의 대규모점포","19740710"
"3050000","이경시장","영업중","그밖의 대규모점포","19740711"
"3050000","휘경시장","폐업","그밖의 대규모점포","20040908"
"3050000","이문종합상가","폐업","그밖의 대규모점포","19620312"
"3050000","주-이문종합상가","폐업","그밖의 대규모점포","20041122"
"3050000","주-이문종합상가","폐업","그밖의 대규모점포","20041122"
"3050000","기타대규모점포","휴업","그밖의 대규모점포","20040209"
"3190000","대림쇼핑타운","영업중","시장","19931130"
"3190000","서울노량진종합시장","휴업","그밖의 대규모점포","20041218"
"3190000","서울노량진종합시장","휴업","그밖의 대규모점포","20050119"
"3050000","건강백화점 동의보감","영업재개","전문점","20060424"
"3010000","디자이너크럽","영업중","그밖의 대규모점포","19940831"
"3050000","(주)이마트에브리데이 답십리점","영업중","구분없음","20110926"
"3100000","(주)이마트에브리데이 공릉동점","영업중","구분없음","20111229"
"3040000","(주)이마트에브리데이 중곡동점","영업중","그밖의 대규모점포","20110922"
"3240000","(주)이마트에브리데이 명일동점","영업중","구분없음","20110927"
"3050000","용두시장","영업중","그밖의 대규모점포","19771226"
"3090000","(주)이마트에브리데이 창동점","영업중","쇼핑센터","20120326"
"3100000","와우패션클럽","영업중","그밖의 대규모점포","20051202"
"3070000","장위전통시장","영업중","시장","20130114"
"3200000","(주)이마트에브리데이 봉천동점","영업중","구분없음","20111026"
"3130000","(주)이마트 마포점","영업중","대형마트","20101223"
"3060000","(주)이마트에브리데이 면목동점","영업중","구분없음","20120106"
"3050000","동서시장","영업중","그밖의 대규모점포","19721012"
"3050000","미도파마트","폐업","대형마트","19990126"
"3050000","경동시장","영업중","그밖의 대규모점포","19600629"
"3150000","(주)이마트에브리데이 화곡동점","영업중","그밖의 대규모점포","20120312"
"3050000","(주)미도파마트","폐업","대형마트","20021112"
"3050000","롯데청량리점","영업중","백화점","19790913"
"3050000","롯데백화점 청량리점","영업중","백화점","20040809"
"3050000","롯데백화점 청량리점","영업중","백화점","20040809"
"3170000","시흥중앙시장","","그밖의 대규모점포","19730912"
"3170000","현대시장","휴업","그밖의 대규모점포","20070501"
"3170000","대명합동시장","영업중","그밖의 대규모점포","19771210"
"3170000","(주)이랜드리테일 홈에버 시흥점","휴업","대형마트","20020618"
"3170000","시흥산업용재유통센타","영업중","그밖의 대규모점포","19870626"
"3170000","럭키남서울상가","영업중","그밖의 대규모점포","19820114"
"3170000","푸른터시장","영업중","그밖의 대규모점포","20070719"
"3100000","신세계 이마트 월계덤","휴업","그밖의 대규모점포","20050329"
"3100000","신세계 이마트 월계점","휴업","대형마트","20050329"
"3100000","세이브존","휴업","대형마트","20021114"
"3100000","세이브존","휴업","대형마트","20050527"
"3100000","상계중앙시장","휴업","그밖의 대규모점포","19721207"
"3100000","롯데백화점 상계점","휴업","백화점","19991229"
"3160000","개봉제일시장","영업중","그밖의 대규모점포","19761228"
"3220000","수서종합상가","영업중","그밖의 대규모점포","19921226"
"3220000","청실종합상가","영업중","그밖의 대규모점포","19790416"
"3220000","그랑프리","영업중","그밖의 대규모점포","19850206"
"3220000","두산아케이드","영업중","그밖의 대규모점포","19870202"
"3240000","현대백화점 천호점","영업중","백화점","19990412"
"3190000","(주)홈플러스 대방점","영업중","그밖의 대규모점포","20120327"
"3230000","홈플러스(주) 익스프레스 송파점","영업중","구분없음","20110905"
"3190000","홈플러스(주) 익스프레스 상도점","영업중","구분없음","20110714"
"3110000","대림시장","영업중","시장","20071221"
"3130000","홈플러스익스프레스 망원점","폐업","구분없음","20111213"
"3110000","홈플러스(주)익스프레스구산점","영업중","그밖의 대규모점포","20110725"
"3190000","홈플러스(주) 익스프레스 남성점","영업중","복합쇼핑몰","20110826"
"3110000","홈플러스(주) 익스프레스 역촌점","영업중","그밖의 대규모점포","20120326"
"3170000","유창상가","영업중","그밖의 대규모점포","19940314"
"3170000","삼성테스코(주)홈플러스 금천점","","대형마트","20031002"
"3170000","남문시장","휴업","그밖의 대규모점포","20050826"
"3170000","삼성테스코(주)홈플러스 금천점","","대형마트","20031017"
"3160000","라이프공구종합상가","영업중","그밖의 대규모점포","19940330"
"3160000","공구상가일번지","영업중","그밖의 대규모점포","19980114"
"3160000","이마트구로점","","대형마트","19990727"
"3160000","(주)신세계이마트구로점","휴업","대형마트","20050331"
"3160000","롯데마트 구로점","휴업","대형마트","20050601"
"3160000","비엔큐홈(구로점)","휴업","대형마트","20050601"
"3160000","롯데마트 구로점","휴업","대형마트","20050601"
"3160000","(주)신세계이마트구로점","휴업","대형마트","20050331"
"3160000","중앙유통단지","휴업","그밖의 대규모점포","19980512"
"3160000","서울구로기계공구상가","영업중","그밖의 대규모점포","19960627"
"3160000","애경백화점","휴업","백화점","19930830"
"3160000","일이삼전자타운","휴업","그밖의 대규모점포","20051115"
"3160000","고척시장","영업중","그밖의 대규모점포","19711019"
"3160000","이천일아울렛구로점","휴업","그밖의 대규모점포","20051118"
"3160000","개봉프라자","영업중","그밖의 대규모점포","19930527"
"3160000","동국종합상가","휴업","그밖의 대규모점포","19930107"
"3160000","개봉중앙시장","영업중","그밖의 대규모점포","19760806"
"3160000","개봉제일시장","영업중","그밖의 대규모점포","19761228"
"3160000","오류시장","영업중","그밖의 대규모점포","19681023"
"3140000","롯데슈퍼 목동2점","영업중","구분없음","20120405"
"3230000","가든파이브 툴","영업중","백화점","20090511"
"3150000","노브랜드 강서가양점","영업중","구분없음","20170330"
"3200000","관악종합시장","영업중","그밖의 대규모점포","19691015"
"3040000","한아름시장","영업중","그밖의 대규모점포","19800407"
"3220000","코엑스 호텔아케이드","영업중","쇼핑센터","20000501"
"3150000","롯데쇼핑㈜ 마켓999 양천향교역가맹점","영업중","구분없음","20170814"
"3220000","파르나스몰(PARNAS MALL)","영업중","쇼핑센터","19881019"
"3150000","이마트에브리데이 마곡점","영업중","구분없음","20170617"
"3030000","뚝도시장","영업중","시장","19620125"
"3150000","노브랜드 강서마곡점","영업중","구분없음","20180730"
"3150000","㈜이마트에브리데이 양천향교역점","영업중","구분없음","20171011"
"3030000","(주)이마트 왕십리점","영업중","대형마트","20080627"
"3240000","동서울시장","영업중","시장","19701231"
"3090000","신동아프라자","영업중","그밖의 대규모점포","19890804"
"3240000","천호신시장","영업중","시장","20050509"
"3160000","구로시장","영업중","그밖의 대규모점포","19620925"
"3160000","사모아종합상가","영업중","그밖의 대규모점포","19890320"
"3160000","배영설비(주)","영업중","그밖의 대규모점포","19720121"
"3190000","홈플러스 익스프레스 상도3점","영업중","구분없음","20120424"
"3160000","중앙유통단지","영업중","그밖의 대규모점포","19980512"
"3010000","신세계백화점메사점","영업중","쇼핑센터","20000821"
"3010000","에이피엠패션몰","영업중","그밖의 대규모점포","20020612"
"3010000","라모도 쇼핑몰","휴업","그밖의 대규모점포","20060607"
"3050000","롯데쇼핑(주) 롯데슈퍼 장안 2동점","폐업","구분없음","20130814"
"3170000","홈플러스(주)익스프레스 독산점","영업중","구분없음","20120410"
"3130000","(주)이마트 마포점","영업중","대형마트","20101223"
"3030000","성동마트","영업재개","그밖의 대규모점포","20010913"
"3010000","통일상가","영업중","그밖의 대규모점포","19700129"
"3230000","(주)지에스리테일 삼전점","폐업","구분없음","20101025"
"3240000","(주)지에스리테일 명일점","영업중","구분없음","20110927"
"3070000","동소문스카이상가","영업중","그밖의 대규모점포","20190524"
"3010000","엠플라자(M plaza)","영업중","쇼핑센터","20080827"
"3190000","(주) GS리테일 GS수퍼 사당태평점","","구분없음","20180827"
"3160000","고척산업용품상가","영업중","그밖의 대규모점포","19861101"
"3180000","영등포 점프밀라노","영업중","쇼핑센터","20051201"
"3110000","대호프라자상가","영업중","그밖의 대규모점포","19701224"
"3070000","길음시장","영업중","그밖의 대규모점포","20190529"
"3010000","호텔롯데아케이드","영업중","그밖의 대규모점포","19781222"
"3010000","디오트","영업중","그밖의 대규모점포","20060414"
"3070000","길음시장","영업중","그밖의 대규모점포","20190613"
"3010000","밀리오레명동","영업재개","그밖의 대규모점포","20000530"
"3010000","맥스타일","영업중","전문점","20101008"
"3010000","눈스퀘어","영업중","그밖의 대규모점포","20020115"
"3050000","동부청과(주)","영업중","그밖의 대규모점포","20070205"
"3000000","동대문종합시장D동상가","영업중","그밖의 대규모점포","20041210"
"3080000","우이시장","영업중","시장","19620821"
"3140000","롯데쇼핑(주)롯데슈퍼 신목동점","영업중","","20120523"
"3060000","주식회사 이마트 묵동점","영업중","대형마트","20100721"
"3200000","홈플러스 익스프레스 봉천점","영업중","구분없음","20111019"
"3230000","송파쇼핑센타","영업중","그밖의 대규모점포","19980317"
"3160000","일이삼전자타운","영업중","그밖의 대규모점포","19981126"
"3060000","주식회사 이마트 상봉점","영업중","대형마트","20000503"
"3130000","홍대복합역사 상업시설","","쇼핑센터","20180813"
"3240000","양지종합시장","","시장","19820527"
"3070000","","영업중","","20120514"
"3160000","일이삼전자타운","영업중","그밖의 대규모점포","19981126"
"3220000","동화상가(주)","영업중","그밖의 대규모점포","20130215"
"3010000","서울남대문시장","영업중","그밖의 대규모점포","19641013"
"3160000","고척스카이프라자","영업중","그밖의 대규모점포","19711019"
"3040000","테크노-마트21","영업중","그밖의 대규모점포","19980323"
"3240000","롯데슈퍼암사가맹점","영업중","대형마트","20110927"
"3160000","AK PLAZA","영업중","백화점","19930830"
"3220000","롯데 프리미엄 푸드마켓 삼성점","영업중","구분없음","20120702"
"3080000","강북종합시장","영업중","시장","20130220"
"3110000","홈플러스 익스프레스 갈현점","영업중","그밖의 대규모점포","20120323"
"3240000","양지종합시장","폐업","시장","20070704"
"3200000","관악프라자","영업중","쇼핑센터","19881023"
"3100000","유경데파트","영업중","그밖의 대규모점포","19960918"
"3150000","아름다운아울렛","폐업","전문점","20100415"
"3170000","마리오아울렛 3관","영업중","쇼핑센터","20120913"
"3090000","(주)에브리데이리테일 창동점","영업중","구분없음","20120105"
"3000000","종로1번지아케이트","영업중","전문점","20040430"
"3030000","홈플러스(주)익스프레스 성수점","폐업","구분없음","20111004"
"3060000","이노시티","영업중","복합쇼핑몰","20131128"
"3170000","마리오아울렛 1관","영업중","쇼핑센터","20130906"
"3240000","현대프라자","영업중","그밖의 대규모점포","19900528"
"3170000","시흥산업용재유통센터","영업중","그밖의 대규모점포","20170407"
"3020000","신동아쇼핑센터","영업중","쇼핑센터","19851112"
"3220000","삐에로쇼핑 강남논현점","영업중","구분없음","20180803"
"3230000","올림픽프라자상가","영업중","그밖의 대규모점포","19890607"
"3010000","굳앤굳 디자이너월드","영업중","그밖의 대규모점포","19761102"
"3010000","누죤","영업중","그밖의 대규모점포","19960705"
"3090000","(주)에브리데이리테일 창동점","영업중","구분없음","20110926"
"3230000","롯데월드몰","영업중","쇼핑센터","20140717"
"3180000","두암상가","영업중","그밖의 대규모점포","20130902"
"3090000","금강아미움쇼핑센터","영업중","그밖의 대규모점포","20190328"
"3070000","유타쇼핑몰","영업중","쇼핑센터","20120425"
"3010000","(주)지에스리테일 남산타운점","영업중","그밖의 대규모점포","20140110"
"3010000","서울중앙시장","영업중","그밖의 대규모점포","19621102"
"3140000","(주)이마트SSG목동점","영업중","그밖의 대규모점포","20150422"
"3100000","공릉종합상가","영업중","그밖의 대규모점포","19971120"
"3170000","롯데쇼핑(주) 금천 독산점","영업중","쇼핑센터","20180430"
"3220000","도심공항몰(CALT MALL)","영업중","쇼핑센터","20141125"
"3050000","이문동웰츠타워","영업중","그밖의 대규모점포","20090320"
"3010000","상제리제상가","영업중","그밖의 대규모점포","19770623"
"3000000","광장시장","영업중","시장","19550705"
"3170000","롯데캐슬 골드파크 4차 마르쉐도르 960","영업중","그밖의 대규모점포","20190410"
"3210000","하이브랜드","영업중","그밖의 대규모점포","20050228"
"3210000","국제전자도매센타","영업중","전문점","19970329"
"3240000","삼성테드크(주)홈플러스강동점","영업재개","대형마트","20081107"
"3210000","교보타워 지하아케이드","영업중","전문점","20030501"
"3210000","반포프라자","영업중","그밖의 대규모점포","19971029"
"3230000","롯데하이마트 월드타워점","영업중","전문점","20140718"
"3000000","효성주얼리시티","영업중","그밖의 대규모점포","20070704"
"3210000","무지개쇼핑","영업중","그밖의 대규모점포","19800802"
"3020000","원효전자상가","영업중","전문점","19880623"
"3180000","(주)신세계 영등포점","영업중","백화점","19821215"
"3200000","르네상스쇼핑몰(주)","영업중","복합쇼핑몰","20040922"
"3040000","커먼그라운드","영업중","그밖의 대규모점포","20150403"
"3190000","(주)지에스리테일 상도 엠코타운점","영업중","구분없음","20140905"
"3120000","(주)GS리테일 북가좌점","영업중","구분없음","20120326"
"3070000","GS슈퍼마켓 동소문점","영업중","구분없음","20110902"
"3210000","서초쇼핑","영업중","그밖의 대규모점포","19890605"
"3070000","종암우림카이저팰리스주상복합","영업중","그밖의 대규모점포","20081027"
"3050000","서울풍물시장","영업중","그밖의 대규모점포","20080806"
"3150000","송화시장","영업중","그밖의 대규모점포","20090305"
"3090000","도봉한양프라자","영업중","그밖의 대규모점포","20101130"
"3010000","남정종합상가","영업중","그밖의 대규모점포","20020722"
"3230000","(주)지에스리테일 문정점","폐업","구분없음","20110831"
"3030000","금호종합시장","폐업","그밖의 대규모점포","19790810"
"3050000","(주)이마트 이문점","영업중","대형마트","20110831"
"3010000","동화상가","영업중","그밖의 대규모점포","19680730"
"3130000","그랜드마트 신촌점","영업중","그밖의 대규모점포","19940510"
"3240000","이마트에브리데이 성내점","","구분없음","20191030"
"3210000","무지개종합상가","영업중","그밖의 대규모점포","19790216"
"3100000","홈플러스(주) 중계점","영업중","대형마트","20011207"
"3150000","강서 뉴타워","영업중","그밖의 대규모점포","20130617"
"3130000","홈플러스(주) 월드컵점","영업중","시장","20030521"
"3130000","에이엠플러스자산개발(주)","영업중","전문점","20110729"
"3140000","우성상가시장","영업중","시장","19880919"
"3060000","한남프라자","폐업","시장","19950823"
"3130000","GS THE FRESH 신촌숲아이파크점","영업중","구분없음","20190724"
"3170000","시티렉스","영업중","쇼핑센터","20041002"
"3010000","진양상가","영업중","그밖의 대규모점포","19711230"
"3160000","홈플러스(주) 신도림점","영업중","대형마트","20070813"
"3060000","홈플러스(주)면목점","영업중","대형마트","20061026"
"3140000","홈플러스(주)목동점","영업중","복합쇼핑몰","20081103"
"3090000","홈플러스(주)방학점","영업중","대형마트","20030625"
"3170000","홈플러스 시흥점","영업중","대형마트","20081024"
"3170000","롯데쇼핑(주)롯데슈퍼 시흥점","영업중","구분없음","20120507"
"3240000","(주)농협유통 하나로마트 둔촌점","영업중","구분없음","20111007"
"3190000","(주)지에스리테일 GS수퍼 사당점","영업중","구분없음","20120406"
"3010000","남평화상가(주)","영업중","그밖의 대규모점포","19790420"
"3210000","신동아종합상가","영업중","그밖의 대규모점포","19810723"
"3210000","반포프라자","영업중","그밖의 대규모점포","19971029"
"3210000","대림상가","영업중","그밖의 대규모점포","19791212"
"3210000","진흥종합상가","영업중","그밖의 대규모점포","19800121"
"3210000","방배종합시장","영업중","그밖의 대규모점포","19830430"
"3210000","엘루체","영업중","그밖의 대규모점포","20070720"
"3210000","한양스토아","영업중","그밖의 대규모점포","19821112"
"3210000","대림서초리시온","영업중","그밖의 대규모점포","19781114"
"3210000","신사쇼핑","영업중","그밖의 대규모점포","19820531"
"3210000","아크로비스타 아케이드","영업중","그밖의 대규모점포","20050225"
"3050000","건강백화점 동의보감","영업중","전문점","20060424"
"3100000","노원아이파크 상가","영업중","그밖의 대규모점포","20100709"
"3050000","불로장생타워","영업중","전문점","20070509"
"3050000","바우하우스","영업재개","대형마트","20050429"
"3240000","(주)이마트천호점","영업중","대형마트","20050331"
"3050000","청량리현대코아","영업중","그밖의 대규모점포","19480921"
"3190000","해가든프라자","영업중","그밖의 대규모점포","20110713"
"3050000","장안위더스빌","영업중","그밖의 대규모점포","20110315"
"3070000","","영업중","","20120514"
"3050000","전농프라자","영업중","그밖의 대규모점포","19781228"
"3110000","서부종합시장","영업중","시장","20110422"
"3070000","롯데슈퍼하월곡점","영업중","","20120420"
"3070000","이마트 미아점","영업중","대형마트","20100428"
"3160000","서울구로기계공구상가","영업중","그밖의 대규모점포","19960627"
"3080000","수유시장","영업중","그밖의 대규모점포","19661219"
"3100000","유경데파트","영업중","그밖의 대규모점포","19960918"
"3090000","(주) 이마트 창동점","영업중","대형마트","20100402"
"3100000","오피앙","영업중","그밖의 대규모점포","20040226"
"3070000","이마트 미아점","영업중","대형마트","20040922"
"3130000","마포농수산물시장","영업중","시장","19980718"
"3170000","롯데쇼핑(주) 아울렛 가산점","영업중","쇼핑센터","20151229"
"3080000","수유중앙시장","영업중","그밖의 대규모점포","19711118"
"3210000","매일종합상가","영업중","그밖의 대규모점포","20110802"
"3020000","롯데슈퍼 한남점(가맹점)","영업중","구분없음","20120323"
"3080000","강북 북부시장","영업중","시장","20110124"
"3080000","수유북부시장","영업중","그밖의 대규모점포","20080710"
"3080000","숭인시장","영업중","그밖의 대규모점포","20030425"
"3240000","동서울오네뜨상가","영업중","그밖의 대규모점포","20100506"
"3080000","수유프라자","영업중","그밖의 대규모점포","19980625"
"3080000","동북프라자","영업중","그밖의 대규모점포","19750211"
"3210000","이수시장","영업중","그밖의 대규모점포","19761211"
"3230000","한화건설 송파지점","영업중","그밖의 대규모점포","19840208"
"3220000","영동전통시장","영업중","그밖의 대규모점포","20110623"
"3030000","용답동상가번영회","폐업","시장","20060824"
"3200000","관악쇼핑","영업중","그밖의 대규모점포","20150709"
"3080000","강북종합시장","영업중","그밖의 대규모점포","20110103"
"3220000","SSG Food Market 백화점","폐업","백화점","20110412"
"3000000","낙원상가","영업중","그밖의 대규모점포","20190917"
"3000000","낙원상가","영업중","그밖의 대규모점포","20190917"
"3220000","(주)이마트 역삼점","영업중","대형마트","20061024"
"3220000","청담삼익시장","영업중","그밖의 대규모점포","19800519"
"3140000","(주)이마트 목동점","영업중","대형마트","20110520"
"3220000","대치종합상가","영업중","그밖의 대규모점포","19840525"
"3230000","마천시장","영업중","그밖의 대규모점포","19731214"
"3230000","프리마 쇼핑센타","영업중","그밖의 대규모점포","19820129"
"3010000","청계상가","영업중","그밖의 대규모점포","20191017"
"3130000","AK&홍대","영업중","쇼핑센터","20180814"
"3030000","파크에비뉴 엔터식스 한양대점","영업중","복합쇼핑몰","20141209"
"3180000","롯데백화점 영등포점","영업중","백화점","19910501"
"3230000","올림픽파크동부센트레빌 상가","영업중","그밖의 대규모점포","20090630"
"3010000","두타몰","영업중","그밖의 대규모점포","19990105"
"3230000","갤러리아팰리스 아케이드","영업중","그밖의 대규모점포","20050224"
"3080000","성북프라자","영업중","그밖의 대규모점포","20090922"
"3160000","개봉프라자","영업중","시장","19930527"
"3010000","밀리오레","영업중","그밖의 대규모점포","19980811"
"3170000","박미종합시장","영업중","그밖의 대규모점포","19800913"
"3100000","(주)지에스리테일 GS수퍼상계중앙점","폐업","대형마트","20110621"
"3230000","롯데백화점 잠실점","영업중","백화점","19881112"
"3080000","트레지오","영업중","쇼핑센터","20090910"
"3190000","성대종합시장","영업중","그밖의 대규모점포","19791218"
"3080000","(주)농협유통 미아점","영업중","대형마트","20120322"
"3040000","파크에비뉴","영업중","그밖의 대규모점포","20080903"
"3180000","코스트코 홀세일","영업중","대형마트","20051111"
"3150000","(주)공항시장","영업중","시장","19700820"
"3030000","홈플러스(주) 익스프레스 왕십리점","영업중","구분없음","20120214"
"3040000","워커힐상가","폐업","그밖의 대규모점포","19790709"
"3030000","홈플러스(주) 익스프레스 금호점","영업중","구분없음","20120321"
"3040000","광성시장","영업중","그밖의 대규모점포","19800618"
"3140000","홈플러스(주)익스프레스 신정3점","영업중","구분없음","20120410"
"3040000","동서울터미널상가","영업중","그밖의 대규모점포","19890823"
"3040000","현대종합상가","영업중","그밖의 대규모점포","19901117"
"3140000","홈플러스(주)익스프레스 목동2점","영업중","구분없음","20110915"
"3100000","홈플러스(주)익스프레스 중계점","영업중","구분없음","20040601"
"3030000","홈플러스(주)익스프레스 뚝섬점","영업중","구분없음","20120322"
"3040000","중곡제일시장","영업중","그밖의 대규모점포","19710508"
"3040000","화양시장","폐업","그밖의 대규모점포","19740701"
"3140000","홈플러스(주)익스프레스 신정점","영업중","구분없음","20110630"
"3040000","구의현대종합상가","영업중","그밖의 대규모점포","19921105"
"3040000","프라임프라자상가","영업중","그밖의 대규모점포","19970130"
"3040000","신성종합시장","영업중","그밖의 대규모점포","19770131"
"3030000","홈플러스(주) 익프스레스 금호2점","영업중","구분없음","20120224"
"3080000","홈플러스(주)익스프레스미아점","영업중","대형마트","20120322"
"3000000","동대문종합시장 신관","영업중","그밖의 대규모점포","20031020"
"3160000","(주)이마트에브리데이 개봉동점","영업중","구분없음","20110919"
"3160000","홈플러스 익스프레스 서울오류점","영업중","구분없음","20120420"
"3120000","연희슈퍼마켓","영업중","시장","19990429"
"3090000","롯데슈퍼 쌍문4동 가맹점","영업중","구분없음","20120326"
"3150000","그랜드백화점(주)마트강서점","영업중","대형마트","19991216"
"3170000","플라자 카멜리아","영업중","그밖의 대규모점포","20021024"
"3130000","롯데프리미엄 푸드마켓","영업중","구분없음","20090529"
"3200000","봉천현대시장","영업중","시장","19720129"
"3060000","태능엔터피아 번영회","영업중","시장","19750909"
"3160000","동국종합상가","영업중","그밖의 대규모점포","19930115"
"3140000","신한이모르젠상가","영업중","그밖의 대규모점포","19760616"
"3160000","홈플러스 익스프레스 개봉점","영업중","구분없음","20120420"
"3220000","(주)재능스스로마트","영업중","그밖의 대규모점포","19970902"
"3010000","롯데아울렛 서울역점","영업중","쇼핑센터","20121227"
"3020000","전자타운","영업중","전문점","19930413"
"3020000","(주)에스와이에스홀딩스","영업중","전문점","19871031"
"3040000","홈플러스익스프레스 구의2점","영업중","그밖의 대규모점포","20120329"
"3030000","대림리빙프라자","영업중","그밖의 대규모점포","19980803"
"3020000","해밀톤 쇼핑몰","영업중","쇼핑센터","19870213"
"3030000","ENTER-6","영업중","그밖의 대규모점포","20080828"
"3020000","나진산업 주식회사","영업중","전문점","19871110"
"3030000","노브랜드 엔터식스한양대점","영업중","구분없음","20180228"
"3030000","(주)인트램","영업중","그밖의 대규모점포","19681207"
"3020000","만리시장","영업중","시장","19681109"
"3030000","한진종합상가","영업중","그밖의 대규모점포","20000331"
"3030000","한남하이츠상가","영업중","그밖의 대규모점포","19821016"
"3220000","롯데슈퍼 도곡점","영업중","구분없음","20120702"
"3220000","롯데슈퍼 역삼2동점","영업중","구분없음","20111124"
"3220000","롯데슈퍼 역삼1동점","영업중","구분없음","20111202"
"3080000","롯데쇼핑(주) 롯데마트 삼양점","영업중","대형마트","20110909"
"3020000","이태원시장","영업중","시장","19600217"
"3070000","보문시장(주)","영업중","시장","20120706"
"3150000","롯데쇼핑(주)롯데슈퍼화곡3동점","영업중","그밖의 대규모점포","20111005"
"3150000","롯데쇼핑(주)롯데슈퍼화곡점","영업중","그밖의 대규모점포","20111005"
"3150000","롯데쇼핑(주)롯데슈퍼 염창2점","영업중","그밖의 대규모점포","20120329"
"3070000","롯데마켓999 하월곡점","영업중","구분없음","20170427"
"3150000","롯데쇼핑(주)롯데슈퍼개화산점","영업중","그밖의 대규모점포","20111004"
"3120000","서중시장","영업중","시장","19871024"
"3100000","건영옴니백화점","영업중","백화점","20070419"
"3180000","롯데쇼핑(주) VIC마켓 영등포점","영업중","대형마트","20010925"
"3070000","롯데마이슈퍼 정릉점","영업중","구분없음","20120521"
"3070000","롯데마이슈퍼 장위점","영업중","구분없음","20120521"
"3070000","롯데마이슈퍼 길음점","영업중","복합쇼핑몰","20120521"
"3070000","롯데마이슈퍼 동소문점","영업중","구분없음","20170427"
"3070000","(주)지에스리테일 성북보문점","영업중","구분없음","20170426"
"3230000","(주)지에스리테일 방이점","영업중","구분없음","20111025"
"3140000","(주)지에스리테일 신정2점","영업중","구분없음","20110915"
"3230000","(유)잠실중앙상가","폐업","그밖의 대규모점포","20120321"
"3150000","롯데쇼핑(주)롯데슈퍼 방화점","영업중","그밖의 대규모점포","20120329"
"3110000","(주)이마트 은평점","영업중","대형마트","20011031"
"3230000","(주)지에스리테일 송파가락점","영업중","구분없음","20111025"
"3140000","(주)지에스리테일 GS수퍼 목동오거리점","영업중","구분없음","20110915"
"3240000","(주)이마트명일점","영업중","대형마트","20021120"
"3230000","롯데하이마트잠실점","영업중","전문점","20130619"
"3150000","롯데몰 김포공항","영업중","쇼핑센터","20110118"
"3060000","신세계 이마트 묵동점","영업재개","대형마트","20100721"
"3010000","(주)광희패션몰","영업중","그밖의 대규모점포","19790525"
"3040000","(주)지에스리테일GS수퍼 광진화양점","영업중","복합쇼핑몰","20111004"
"3110000","롯데쇼핑(주)롯데슈퍼갈현점","영업중","그밖의 대규모점포","20110916"
"3010000","하이해리엇","영업중","그밖의 대규모점포","20060317"
"3080000","(주)지에스리테일GS수퍼 강북미아점","영업중","대형마트","20110823"
"3010000","롯데패션몰","영업중","쇼핑센터","20120831"
"3170000","현대아울렛","영업중","복합쇼핑몰","20130319"
"3110000","녹번시장","폐업","그밖의 대규모점포","19661207"
"3160000","롯데쇼핑(주) TRU구로점","영업중","전문점","20071119"
"3170000","롯데캐슬 골드파크 2차 마르쉐도르","영업중","그밖의 대규모점포","20171205"
"3130000","신수시장","영업중","시장","19720913"
"3050000","롯데쇼핑(주) 롯데슈퍼 장안2동점","영업중","구분없음","20120507"
"3030000","(주)이마트 성수점","영업중","대형마트","20050331"
"3010000","굿모닝시티 쇼핑몰","영업중","쇼핑센터","20080916"
"3020000","아이파크(I PARK)백화점","영업중","백화점","20060825"
"3170000","(주)원신더블유몰","영업중","쇼핑센터","20070208"
"3150000","삼정프라자","영업중","그밖의 대규모점포","20050907"
"3010000","삼익패션타운","영업중","그밖의 대규모점포","19851128"
"3220000","롯데쇼핑(주)롯데슈퍼 역삼점","폐업","","20120702"
"3010000","중부시장","영업중","그밖의 대규모점포","19590224"
"3020000","아이파크몰(I PARK MALL)","영업중","쇼핑센터","20040921"
"3090000","삼익쇼핑","영업중","그밖의 대규모점포","20060904"
"3180000","롯데쇼핑(주) 롯데마트 양평점","영업중","대형마트","20170425"
"3040000","롯데쇼핑(주)롯데슈퍼 중곡점","영업중","그밖의 대규모점포","20110922"
"3010000","혜양엘리시움","영업중","그밖의 대규모점포","19970224"
"3080000","연이스퀘어","영업중","쇼핑센터","20141224"
"3000000","세운스퀘어","영업중","그밖의 대규모점포","20100218"
"3190000","롯데쇼핑(주) 롯데슈퍼 상도3동점","영업중","복합쇼핑몰","20111004"
"3000000","브라운스톤 창신상가","영업중","그밖의 대규모점포","20070907"
"3080000","롯데쇼핑(주)롯데슈퍼미아점","폐업","대형마트","20120320"
"3000000","동대문종합시장","영업중","그밖의 대규모점포","19910731"
"3170000","롯데쇼핑(주) VIC 마켓 금천점","영업중","대형마트","20020618"
"3140000","행복한백화점","영업중","백화점","20040604"
"3240000","천호시장","폐업","그밖의 대규모점포","19681023"
"3070000","이마트 하월곡점","영업중","대형마트","20120224"
"3130000","신촌상가","폐업","시장","19710520"
"3170000","롯데쇼핑(주)롯데슈퍼독산점","영업중","구분없음","20110928"
"3070000","이마트 미아점","영업중","대형마트","20080529"
"3030000","성동용답상가시장","영업중","시장","20110705"
"3030000","성동삼성쉐르빌상가","영업중","그밖의 대규모점포","20070323"
"3010000","아트프라자","영업중","그밖의 대규모점포","19900604"
"3190000","롯대슈펴 신대방점","영업중","그밖의 대규모점포","20160603"
"3210000","(주)지에스리테일 서초방배점","영업중","대형마트","20161201"
"3000000","동문시장","영업중","시장","19871030"
"3180000","로데오 왁","영업중","전문점","20030331"
"3000000","홈플러스(주)익스프레스 광화문점","영업중","구분없음","20111220"
"3030000","자동차매매센타","영업중","전문점","19800905"
"3000000","홈플러스(주)익스프레스 숭인점","영업중","구분없음","20110816"
"3130000","공덕시장","영업중","시장","19740414"
"3020000","선인상가","영업중","전문점","19871126"
"3050000","서울특별시장","영업중","그밖의 대규모점포","20161230"
"3070000","석관시장","영업중","시장","20120601"
"3010000","올레오","영업중","쇼핑센터","20061023"
"3100000","세이브존","영업중","그밖의 대규모점포","20070806"
"3090000","도봉한신쇼핑상가","영업중","그밖의 대규모점포","20030203"
"3010000","팀204","영업중","그밖의 대규모점포","19960704"
"3150000","롯데쇼핑(주)롯데슈퍼 염창점","폐업","그밖의 대규모점포","20120329"
"3110000","롯데쇼핑(주)롯데슈퍼범서점","영업중","그밖의 대규모점포","20110916"
"3220000","(주)현대백화점 본점","영업중","백화점","19851130"
"3110000","범서쇼핑","영업중","쇼핑센터","19910418"
"3220000","노브랜드 삼성점","영업중","구분없음","20161229"
"3220000","금강상가","영업중","그밖의 대규모점포","20030128"
"3160000","주식회사 현대백화점 디큐브시티","영업중","백화점","20110810"
"3160000","나인스에비뉴","영업중","그밖의 대규모점포","20071108"
"3150000","스페이스프라자","영업중","그밖의 대규모점포","20060519"
"3020000","롯데쇼핑(주)롯데market999갈월점","영업중","구분없음","20140731"
"3190000","홈플러스 익스프레스 상도2점","영업중","구분없음","20120424"
"3150000","GS수퍼마켓 강서방화점","영업중","그밖의 대규모점포","20110819"
"3230000","쌍용프라자 상가","영업중","그밖의 대규모점포","19970218"
"3030000","금남시장","영업중","시장","19620121"
"3160000","신도림 테크노마트","영업중","그밖의 대규모점포","20071119"
"3070000","석관황금시장","영업중","시장","20120806"
"3180000","룩스쇼핑센터","영업중","전문점","20080424"
"3240000","(주)지에스리테일 암사점","폐업","구분없음","20110927"
"3150000","(주)에브리데이리테일 발산동점","영업중","그밖의 대규모점포","20120312"
"3140000","현대백화점목동점","영업중","백화점","20020809"
"3080000","(주)이마트에브리데이 미아동점","영업중","대형마트","20111202"
"3040000","(주)이마트 자양점","영업중","대형마트","20061214"
"3240000","(주)이마트에브리데이 암사동점","영업중","구분없음","20111128"
"3010000","DDP FASHION MALL","영업중","그밖의 대규모점포","20170323"
"3010000","패션몰 유어스","영업재개","그밖의 대규모점포","20060421"
"3040000","구의시장","영업중","그밖의 대규모점포","19740209"
"3170000","시흥중앙철재상가","영업중","그밖의 대규모점포","19870331"
"3110000","(주)이마트 에브리데이 불광동점","영업중","그밖의 대규모점포","20110920"
"3020000","LS Avenue","영업중","그밖의 대규모점포","20041222"
"3140000","(주)이마트에브리데이 목동점","영업중","구분없음","20120531"
"3020000","터미널전자상가","영업중","전문점","20010524"
"3050000","롯데쇼핑(주) 롯데슈퍼 전농점","영업중","구분없음","20110907"
"3020000","삼성테마트","영업중","그밖의 대규모점포","20010804"
"3050000","롯데쇼핑(주)롯데마트 청량리점","영업중","대형마트","20100811"
"3050000","롯데쇼핑(주) 롯데마켓 999 이문점","영업중","복합쇼핑몰","20120521"
"3080000","롯데쇼핑(주)롯데슈퍼수유점","영업중","대형마트","20110916"
"3050000","롯데쇼핑(주) 롯데슈퍼 장안점","영업중","구분없음","20110907"
"3080000","롯데쇼핑(주)롯데슈퍼삼양점","영업중","대형마트","20110916"
"3060000","동성타워프라자","영업중","복합쇼핑몰","20010328"
"3090000","롯데슈퍼 방학점","영업중","구분없음","20120315"
"3230000","가든파이브 라이프","영업중","그밖의 대규모점포","20090511"
"3090000","롯데슈퍼 창동점","영업중","구분없음","20120318"
"3220000","신사상가","영업중","그밖의 대규모점포","19760807"
"3110000","롯데쇼핑(주) 롯데슈퍼 역촌점","영업중","그밖의 대규모점포","20120320"
"3110000","메트로","영업중","쇼핑센터","20020409"
"3200000","(주)지에스리테일 관악점","영업중","구분없음","20110810"
"3220000","역삼서해더블루","영업중","그밖의 대규모점포","20131204"
"3190000","(주)이마트 이수점","영업중","대형마트","20111004"
"3240000","천호코오롱상가","영업중","그밖의 대규모점포","19961212"
"3240000","이안강동주상복합상가","영업중","그밖의 대규모점포","20060721"
"3240000","파크프라자 상가","영업중","그밖의 대규모점포","20040524"
"3150000","(주)지에스리테일 염창점","영업중","그밖의 대규모점포","20150323"
"3110000","팜스퀘어","영업중","쇼핑센터","20050901"
"3220000","(주)지에스리테일 신사점","영업중","구분없음","20120518"
"3220000","(주)지에스리테일 GS슈퍼 강남 논현점","영업중","구분없음","20140916"
"3220000","SSG Food Market 백화점","영업중","백화점","20110412"
"3160000","공구상가일번지","영업중","그밖의 대규모점포","19980114"
"3080000","(주)지에스리테일번동점","폐업","대형마트","20110823"
"3160000","홈플러스 익스프레스 서울구로점","영업중","구분없음","20120620"
"3190000","(주)이마트에브리데이 상도동점","영업중","그밖의 대규모점포","20111004"
"3190000","(주)이마트에브리데이 대방동점","영업중","복합쇼핑몰","20111004"
"3160000","사모아종합상가","영업중","그밖의 대규모점포","19890320"
"3240000","주양쇼핑","영업중","그밖의 대규모점포","19920502"
"3160000","라이프공구상가","영업중","그밖의 대규모점포","19940330"
"3040000","노룬산시장","영업중","그밖의 대규모점포","19701223"
"3190000","(주)이마트에브리데이 사당동점","영업중","그밖의 대규모점포","20120131"
"3230000","노브랜드 문정점","영업중","구분없음","20161229"
"3220000","대치1단지상가","영업중","그밖의 대규모점포","19940615"
"3230000","(주)이마트에브리데이 가락동점","영업중","구분없음","20120120"
"3040000","프라젠 스파","영업중","그밖의 대규모점포","20060228"
"3220000","논현웰스톤상가","영업중","그밖의 대규모점포","20090930"
"3220000","아카데미프라자","영업중","그밖의 대규모점포","20050829"
"3220000","논현종합시장","영업중","그밖의 대규모점포","19790117"
"3020000","(주)농협유통하나로클럽용산점","영업중","대형마트","20120313"
"3230000","홈플러스(주)익스프레스 풍납점","영업중","구분없음","20120330"
"3150000","홈플러스(주) 익스프레스 화곡점","영업중","그밖의 대규모점포","20110701"
"3040000","홈플러스(주)익스프레스 중곡점","영업중","그밖의 대규모점포","20120306"
"3220000","강남시장","영업중","그밖의 대규모점포","19741110"
"3150000","홈플러스익스프레스 화곡2점","영업중","그밖의 대규모점포","20120410"
"3220000","영동시장","폐업","그밖의 대규모점포","19730801"
"3050000","홈플러스 익스프레스 서울회기점","영업중","구분없음","20140925"
"3220000","역삼시장","폐업","그밖의 대규모점포","19741227"
"3230000","홈플러스(주)익스프레스 잠실점","영업중","구분없음","20110905"
"3220000","역삼시장","폐업","시장","19810414"
"3150000","홈플러스(주) 강서점","영업중","대형마트","20050826"
"3230000","홈플러스(주)익스프레스 거여점","영업중","구분없음","20111202"
"3220000","삼성동 신도브래뉴 주상복합 상가","영업중","그밖의 대규모점포","20101230"
"3220000","삼성종합시장","폐업","시장","19831011"
"3220000","수서1-2단지상가","영업중","그밖의 대규모점포","19940615"
"3220000","대치2단지상가","영업중","그밖의 대규모점포","19940615"
"3230000","롯데쇼핑(주)롯데슈퍼신천점","영업중","구분없음","20110829"
"3230000","롯데쇼핑(주)롯데슈퍼풍납점","영업중","구분없음","20120330"
"3010000","(주)에리어식스","영업중","그밖의 대규모점포","19801016"
"3040000","자양종합시장","영업중","그밖의 대규모점포","19790716"
"3230000","엄마손상가","영업중","그밖의 대규모점포","19830716"
"3230000","롯데쇼핑(주)롯데슈퍼잠실3동점","영업중","구분없음","20110829"
"3230000","롯데쇼핑(주)롯데슈퍼송파점","영업중","구분없음","20120405"
"3010000","남산타운5상가","영업중","그밖의 대규모점포","20000707"
"3230000","롯데쇼핑(주)롯데슈퍼석촌점","영업중","구분없음","20120405"
"3230000","롯데프리미엄푸드마켓 문정점","영업중","구분없음","20161020"
"3090000","롯데쇼핑(주)VIC마켓도봉점","영업중","시장","20020620"
"3230000","롯데쇼핑(주)롯데슈퍼방이점","영업중","구분없음","20110905"
"3140000","목동시장아울렛","영업중","그밖의 대규모점포","19810923"
"3100000","(주)지에스리테일 GS수퍼상계점","영업중","구분없음","20110621"
"3070000","GS슈퍼마켓 길음뉴타운점","영업중","그밖의 대규모점포","20120412"
"3050000","홈플러스(주) 익스프레스 이문점","영업중","그밖의 대규모점포","20110926"
"3140000","(주)이마트 메트로 신월점","영업중","구분없음","20120531"
"3230000","롯데면세점 월드타워점","영업중","전문점","20140717"
"3070000","GS슈퍼마켓 돈암점","영업중","그밖의 대규모점포","20110902"
"3100000","(주)지에스리테일 GS슈퍼 노원월계점","영업중","구분없음","20111229"
"3070000","GS수퍼마켓 길음점","영업중","그밖의 대규모점포","20120412"
"3000000","중학아케이드","영업중","그밖의 대규모점포","20111007"
"3150000","대지종합유통물류시장","영업중","그밖의 대규모점포","20021025"
"3230000","롯데쇼핑(주)롯데슈퍼거여점","폐업","구분없음","20100424"
"3070000","길음시장","영업중","시장","20030210"
"3200000","롯데쇼핑(주) 관악점","영업중","백화점","19971107"
"3110000","롯데쇼핑(주)롯데슈퍼연신내점","영업중","그밖의 대규모점포","20110916"
"3230000","롯데마트 잠실점","영업중","대형마트","19980819"
"3230000","롯데백화점 에비뉴엘 월드타워점","영업중","백화점","20140717"
"3080000","롯데백화점 미아점","영업중","백화점","20061214"
"3100000","롯데쇼핑(주) 롯데슈퍼공릉점","영업중","구분없음","20110621"
"3100000","롯데마트 중계점","영업중","대형마트","20041213"
"3160000","롯데쇼핑(주) 롯데마트 구로점","영업중","대형마트","20070828"
"3060000","롯데쇼핑(주)롯데슈퍼 상봉점","영업중","그밖의 대규모점포","20111007"
"3230000","롯데캐슬플라자","영업중","쇼핑센터","20051209"
"3090000","대우상가","영업중","시장","19951129"
"3230000","장미종합상가","영업중","그밖의 대규모점포","19800614"
"3210000","터미널상가","영업중","그밖의 대규모점포","19820408"
"3080000","강북종합시장","영업중","시장","20070713"
"3210000","(주)이마트 양재점","영업중","대형마트","20050330"
"3100000","상계역전종합상가","영업중","그밖의 대규모점포","19981231"
"3110000","(주)이마트 수색점","영업중","대형마트","20090928"
"3050000","베라체캠퍼스 에비뉴","영업중","그밖의 대규모점포","20131127"
"3010000","우일타운","영업중","전문점","20090908"
"3110000","롯데몰 은평","영업중","복합쇼핑몰","20160427"
"3030000","GS수퍼 성동옥수점","영업중","구분없음","20120402"
"3010000","에이피엠플레이스","영업중","쇼핑센터","20160307"
"3120000","현대백화점 신촌점","영업중","백화점","19921119"
"3050000","롯데백화점 청량리역사점","영업중","백화점","20100723"
"3030000","토우마트마축일시장","영업중","그밖의 대규모점포","20051111"
"3210000","롯데쇼핑(주) 롯데마트 서초점","영업중","대형마트","20150203"
"3080000","북부시장","영업중","시장","19710719"
"3070000","현대백화점 미아점","영업중","백화점","20010811"
"3140000","롯데쇼핑(주)롯데슈퍼 신월점","영업중","구분없음","20120523"
"3220000","롯데슈퍼 압구정점","영업중","구분없음","20120702"
"3220000","롯데슈퍼 논현점","영업중","구분없음","20120119"
"3110000","역촌중앙시장","영업중","그밖의 대규모점포","19701218"
"3010000","롯데쇼핑본점영플라자","영업중","백화점","19731030"
"3220000","롯데슈퍼 코엑스점","영업중","구분없음","20120702"
"3220000","롯데백화점(강남점)","영업중","백화점","20000616"
"3140000","롯데쇼핑(주)롯데슈퍼신정점","영업중","구분없음","20110915"
"3010000","롯데쇼핑(주)롯데슈퍼명동점","영업중","그밖의 대규모점포","20111006"
"3200000","신림중앙시장","영업중","시장","19780807"
"3010000","롯데쇼핑(주)롯데마트서울역점","영업중","대형마트","20040601"
"3200000","신림현대종합상가","영업중","시장","19930701"
"3010000","롯데쇼핑(주)롯데슈퍼신당점","영업중","그밖의 대규모점포","20111007"
"3150000","롯데쇼핑(주)롯데슈퍼 우장산점","영업중","그밖의 대규모점포","20120329"
"3050000","이문제일시장","영업중","그밖의 대규모점포","19720712"
"3020000","롯데마켓999 용산파크자이가맹점","폐업","구분없음","20140805"
"3180000","메트하임","영업중","그밖의 대규모점포","20180614"
"3050000","전농로타리시장","영업중","그밖의 대규모점포","19740402"
"3240000","(주)지에스리테일 둔촌점","영업중","구분없음","20110927"
"3210000","신세계백화점 강남점","영업중","백화점","20150922"
"3150000","(주)이마트 가양점","영업중","대형마트","19991228"
"3240000","(주)지에스리테일 암사캐슬점","영업중","구분없음","20110927"
"3240000","(주)지에스리테일 주양점","영업중","구분없음","20110927"
"3200000","(주)지에스리테일 낙성대점","영업중","구분없음","20110901"
"3230000","롯데마트 월드타워점","영업중","대형마트","20140717"
"3200000","(주)지에스리테일 관악 봉천점","영업중","구분없음","20140516"
"3190000","롯데쇼핑(주)롯데슈퍼 사당점","영업중","그밖의 대규모점포","20120413"
"3010000","신세계백화점","영업중","백화점","19730410"
"3020000","롯데쇼핑(주)롯데슈퍼원효로점","영업중","구분없음","20140731"
"3040000","롯데백화점 건대스타시티점","영업중","백화점","20080822"
"3180000","썬프라자","영업중","쇼핑센터","19820422"
"3230000","홈플러스익스프레스 송파2점","폐업","구분없음","20111025"
"3040000","롯데쇼핑(주)롯데슈퍼 구의점","영업중","그밖의 대규모점포","20120321"
"3140000","롯데쇼핑(주)롯데슈퍼 신정3동점","영업중","구분없음","20120523"
"3210000","신반포종합시장","영업중","그밖의 대규모점포","19771105"
"3140000","롯데쇼핑(주)롯데슈퍼목동점","영업중","구분없음","20110915"
"3050000","제기시장","영업중","그밖의 대규모점포","19630131"
"3040000","롯데쇼핑(주)롯데슈퍼 아차산점","영업중","그밖의 대규모점포","20120321"
"3070000","동소문스카이상가","영업중","시장","20121016"
"3010000","아바타","폐업","그밖의 대규모점포","20020201"
"3010000","메사","폐업","그밖의 대규모점포","20060807"
"3240000","롯데쇼핑㈜롯데슈퍼강동점","영업중","구분없음","20111007"
"3010000","호텔신라아케이트","폐업","그밖의 대규모점포","20020328"
"3010000","신세계 이마트 청계천점","폐업","그밖의 대규모점포","20080704"
"3240000","롯데쇼핑㈜롯데슈퍼길동점","영업중","구분없음","20111007"
"3010000","서소문화훼종합물류센터","폐업","그밖의 대규모점포","20020201"
"3010000","케레스타","폐업","그밖의 대규모점포","19960831"
"3010000","(주)심풍유통","폐업","그밖의 대규모점포","19851109"
"3010000","통일상가","영업중","그밖의 대규모점포","19700129"
"3010000","대한통운마트","폐업","그밖의 대규모점포","19970822"
"3200000","우림시장","영업중","그밖의 대규모점포","19770108"
"3010000","주식회사 이마트 청계천점","영업중","대형마트","20080626"
"3210000","홈플러스익스프레스 방배점","영업중","복합쇼핑몰","20140929"
"3010000","베네치아메가몰","영업중","그밖의 대규모점포","20080718"
"3020000","롯데쇼핑(주)롯데슈퍼 신동아점","영업중","구분없음","20120320"
"3130000","마포트라팰리스 아케이드","영업중","그밖의 대규모점포","20060516"
"3100000","이마트타운 월계점","영업중","쇼핑센터","20040906"
"3070000","롯데쇼핑(주)롯데슈퍼동소문점","영업중","그밖의 대규모점포","20110921"
"3010000","롯데백화점 본점","영업중","백화점","19791227"
"3180000","홈플러스(주) 영등포점","영업중","대형마트","20011203"
"3180000","홈플러스(주) 익스프레스 신길2점","영업중","대형마트","20111002"
"3180000","홈플러스(주) 익스프레스 신길점","영업중","대형마트","20120326"
"3200000","일성트루엘상가","영업중","그밖의 대규모점포","20140123"
"3010000","홈플러스익스프레스 신당점","영업중","그밖의 대규모점포","20161007"
"3220000","(주)지에스리테일 논현점","영업중","구분없음","20120405"
"3180000","홈플러스(주) 익스프레스 신길3점","영업중","대형마트","20111002"
"3050000","(주)형지쇼핑 아트몰링 장안점","영업중","그밖의 대규모점포","20050429"
"3180000","홈플러스(주) 익스프레스 도림점","영업중","대형마트","20110630"
"3230000","(주)지에스리테일 잠실점","영업중","구분없음","20111108"
"3230000","(주)지에스리테일 잠실파크리오점","영업중","구분없음","20111025"
"3230000","(주)지에스리테일 송파2점","영업중","구분없음","20111108"
"3230000","(주)지에스리테일 송파점","영업중","구분없음","20110810"
"3040000","홈플러스익스프레스 중곡2점","영업중","그밖의 대규모점포","20111005"
"3040000","조양시장","영업중","그밖의 대규모점포","19710501"
"3240000","둔촌종합상가","영업중","그밖의 대규모점포","19820118"
"3110000","홈플러스(주)익스프레스응암점","영업중","그밖의 대규모점포","20110811"
"3220000","갤러리아백화점(동관)","영업중","백화점","19850708"
"3160000","(주) 이마트 신도림점","영업중","대형마트","20070927"
"3010000","지에스수퍼마켓 중구만리점","영업중","구분없음","20171031"
"3220000","코엑스 몰","영업중","복합쇼핑몰","20000503"
"3110000","연서시장","영업중","그밖의 대규모점포","19750304"
"3050000","노브랜드 경동시장점","","구분없음","20180125"
"3220000","갤러리아백화점(서관)","영업중","백화점","19850318"
"3010000","롯데아울렛 서울역점","영업중","쇼핑센터","19990901"
"3010000","청평화시장","영업중","그밖의 대규모점포","19830603"
"3180000","아이에프씨몰(IFC Mall)","영업중","복합쇼핑몰","20120613"
"3200000","원당종합시장","영업중","그밖의 대규모점포","19800828"
"3070000","홈플러스익스프레스 길음점","영업중","구분없음","20120521"
"3240000","홈플러스(주) 익스프레스 암사점","영업중","구분없음","20110927"
"3240000","홈플러스(주)익스프레스 길동점","영업중","구분없음","20111007"
"3240000","홈플러스(주) 익스프레스 성내점","영업중","구분없음","20110927"
"3070000","홈플러스익스프레스 보문점","영업중","구분없음","20120521"
"3070000","홈플러스익스프레스 삼선점","영업중","구분없음","20120514"
"3070000","홈플러스 월곡점","영업중","대형마트","20100519"
"3200000","홈플러스 익스프레스 신림점","영업중","구분없음","20111102"
"3240000","홈플러스 강동점","영업중","대형마트","20081107"
"3120000","홈플러스(주) 익스프레스 북가좌점","영업중","시장","20130616"
"3200000","홈플러스 서울남현점","영업중","대형마트","20130627"
"3050000","홈플러스(주) 동대문점","영업중","대형마트","20031023"
"3220000","홈플러스 익스프레스 압구정점","영업중","구분없음","20120726"
"3210000","홈플러스(주) 익스프레스 서울논현역점","영업중","복합쇼핑몰","20160129"
"3220000","홈플러스익스프레스 학동역점","영업중","구분없음","20130604"
"3100000","홈플러스(주)익스프레스 공릉점","영업중","구분없음","20120326"
"3060000","홈플러스(주)익스프레스 면목점","영업중","그밖의 대규모점포","20110809"
"3060000","홈플러스(주) 서울 상봉점","영업중","대형마트","20101229"
"3060000","홈플러스 신내점","영업중","대형마트","20060828"
"3040000","홈플러스(주)익스프레스 구의점","영업중","그밖의 대규모점포","20111005"
"3170000","홈플러스(주) 금천점","영업중","대형마트","20031002"
"3170000","홈플러스(주)익스프레스 가산점","영업중","구분없음","20120410"
"3060000","홈플러스(주) 익스프레스 태능점","영업중","그밖의 대규모점포","20110704"
"3060000","홈플러스(주)익스프레스 망우점","영업중","그밖의 대규모점포","20110809"
"3230000","홈플러스(주)잠실점","영업중","대형마트","20070709"
"3130000","홈플러스 합정점","영업중","대형마트","20110106"
"3210000","롯데슈퍼 방배2점","영업중","대형마트","20120424"
"3180000","롯데슈퍼 썬프라자점","영업중","그밖의 대규모점포","20111122"
"3240000","(주)농협유통 하나로마트 성내점","영업중","구분없음","20111007"
"3180000","롯데슈퍼 대림점","영업중","그밖의 대규모점포","20111122"
"3120000","","","","20180330"
"3120000","유진상가","영업중","시장","19700814"
"3120000","롯데슈퍼 홍제2점","영업중","구분없음","20120207"
"3010000","평화시장","영업중","그밖의 대규모점포","19620223"
"3120000","롯데슈퍼 유진점","영업중","구분없음","20110701"
"3150000","씨에스유통 (롯데슈퍼화곡2점)","영업중","그밖의 대규모점포","20110714"
"3130000","롯데슈퍼 마포점","영업중","그밖의 대규모점포","20120322"
"3010000","방산종합시장","영업중","그밖의 대규모점포","19761129"
"3110000","갈현시장","폐업","그밖의 대규모점포","19650531"
"3220000","한솔필리아","영업중","그밖의 대규모점포","19961115"
"3120000","롯데슈퍼 유진점","영업중","구분없음","20180412"
"3220000","한보종합상가","영업중","그밖의 대규모점포","19840208"